{"capture_base":"EMMfWauTsYGgp5M-lnHQpQlCoJVZUAZcpzQZMs0BhSaE","digest":"E2GPfjPkdaREcmIPSKATfVl0mYY9FkBH51qc2ne2GvuQ","type":"spec/overlays/character_encoding/1.0","default_character_encoding":"utf-8","attribute_character_encoding":{"animal_id":"utf-8","body_fat":"utf-8","bone_wt":"utf-8","date":"utf-8","decl_bull":"utf-8","decl_cow":"utf-8","decl_heifer":"utf-8","decl_steer":"utf-8","discrepancies":"utf-8","fat_color":"utf-8","fatclass_BGA":"utf-8","fatclass_UG":"utf-8","grade_fat":"utf-8","hotcarcass_wt":"utf-8","image_id":"utf-8","inter_fat":"utf-8","lean_color":"utf-8","lean_wt":"utf-8","leanyield_BGA":"utf-8","leanyield_UG":"utf-8","live_wt":"utf-8","liver_wt":"utf-8","marbling":"utf-8","muscleclass_BGA":"utf-8","muscleclass_UG":"utf-8","qualitygrade_BGA":"utf-8","qualitygrade_UG":"utf-8","rib_fat1":"utf-8","rib_fat2":"utf-8","rib_fat3":"utf-8","rib_wt":"utf-8","ribeyearea_sqin":"utf-8","ribeyearea_sqmm":"utf-8","ribeyelength_BGA":"utf-8","ribeyelength_UG":"utf-8","ribeyewidth_BGA":"utf-8","ribeyewidth_UG":"utf-8","sub_fat":"utf-8","yieldgrade_BGA":"utf-8","yieldgrade_UG":"utf-8"}}