{"capture_base":"EMMfWauTsYGgp5M-lnHQpQlCoJVZUAZcpzQZMs0BhSaE","digest":"E7BPqrJj3Tt_ktgiQ_6X71YhpZrS_Op0oDlsP8BX6NdY","type":"spec/overlays/information/1.0","language":"en","attribute_information":{"body_fat":"","bone_wt":"After removal of meat and other tissues","date":"","decl_bull":"Animals declared bull","decl_cow":"Animals declared cow","decl_heifer":"Animals declared heifer","decl_steer":"Animals declared steer","discrepancies":"Animals with discrepancies between input sheet and tracing data","fat_color":"","fatclass_BGA":"Measured using BioGel application","fatclass_UG":"Measured using ultrasound","grade_fat":"Numerical score reflects the amount of subcutaneous fat covering the ribeye muscle at the 12th rib. Measured using a grading ruler.","hotcarcass_wt":"Hot/unchilled weight post slaughter\r\n& removal of head, hide, intestinal weight and organs. Used to determine yield grade and dressing percentage","image_id":"ID corresponding to image in tracings folder","inter_fat":"","lean_color":"","lean_wt":"Weight of meat available for consumption or further processing after removal of fat and non-muscle tissues","leanyield_BGA":"Weight of lean meat  from a beef carcass after processing and trimming of external fat, bone and other non-usable parts. Expressed as a percentage of total carcass weight. Used BioGel application","leanyield_UG":"Weight of lean meat  from a beef carcass after processing and trimming of external fat, bone and other non-usable parts. Expressed as a percentage of total carcass weight. Used ultrasound grading","live_wt":"Prior to being slaughtered","liver_wt":"","marbling":"Amount of intramuscular fat in lean tissue","muscleclass_BGA":"Based on the relative contibution to the total lean meat yield of the carcass. Includes measurements on the round, loin, rib and chuck. Assessed using a 5 point scale for grading. Used BioGel application","muscleclass_UG":"Based on the relative contibution to the total lean meat yield of the carcass. Includes measurements on the round, loin, rib and chuck. Assessed using a 5 point scale for grading. Used ultrasound grading","qualitygrade_BGA":"Measured using Bio Gel Application","qualitygrade_UG":"Measured using ultrasound","rib_fat1":"Measured depth of subcutaneous fat over the quartered rib site between the 5th & 13th rib.  Assessed using a grading ruler","rib_fat2":"Measured depth of subcutaneous fat over the quartered rib site between the 5th & 13th rib.  Assessed using a grading ruler","rib_fat3":"Measured depth of subcutaneous fat over the quartered rib site between the 5th & 13th rib.  Assessed using a grading ruler","rib_wt":"Includes ribs and associated meat and fat","ribeyearea_sqin":"Measured using a grid system","ribeyearea_sqmm":"Measured using a grid system","ribeyelength_BGA":"Measured along the length of the ribeye muscle from anterior to posterior. Used BioGel application","ribeyelength_UG":"Measured along the length of the ribeye muscle from anterior to posterior. Used ultrasound grading","ribeyewidth_BGA":"Measured at the widest point of the ribeye muscle. Used BioGel application","ribeyewidth_UG":"Measured at the widest point of the ribeye muscle. Used ultrasound grading","sub_fat":"","yieldgrade_BGA":"BioGel application. Y1 having the highest estimated yield and Y5 having the lowest. Based on external fat depth, ribeye area, hot carcass weight and estimates of kidney, pelvic and heart fat.","yieldgrade_UG":"Ultrasound. Y1 having the highest estimated yield and Y5 the lowest. Based on external fat depth, ribeye area, hot carcass weight and estimates of kidney, pelvic and heart fat."}}