{"capture_base":"EMMfWauTsYGgp5M-lnHQpQlCoJVZUAZcpzQZMs0BhSaE","digest":"EddB6bRI48zIK0HQfVlGuYZwv6LRbQ-8XEEfAmd7mZ_w","type":"spec/overlays/label/1.0","language":"en","attribute_labels":{"animal_id":"Alpha-numeric ID of carcass","body_fat":"Amount of adipose tissue in the live animal","bone_wt":"Weight of bones in carcass","date":"Date of sampling","decl_bull":"ID of declared bull","decl_cow":"ID of declared cow","decl_heifer":"ID of declared heifer","decl_steer":"ID of declared steer","discrepancies":"Recorded discrepancies","fat_color":"Level of colouring on fat","fatclass_BGA":"Level of fat on carcass","fatclass_UG":"Level of fat on carcass","grade_fat":"Amount of subcutaneous fat on ribeye muscle","hotcarcass_wt":"Weight of carcass","image_id":"Image ID","inter_fat":"Amount of inter muscular fat","lean_color":"Level of colouring on lean meat","lean_wt":"Weight of carcass","leanyield_BGA":"Amount of lean meat tissue","leanyield_UG":"Amount of lean meat tissue","live_wt":"Weight of animal","liver_wt":"Weight of liver","marbling":"Level of marbling","muscleclass_BGA":"Degree of muscling","muscleclass_UG":"Degree of muscling","qualitygrade_BGA":"Level of meat quality","qualitygrade_UG":"Level of meat quality","rib_fat1":"Amount of subcutaneous fat measurement 1","rib_fat2":"Amount of subcutaneous fat measurement 2","rib_fat3":"Amount of subcutaneous fat measurement 3","rib_wt":"Weight of rib section","ribeyearea_sqin":"Area of ribeye in square inches","ribeyearea_sqmm":"Area of ribeye in square millimetres","ribeyelength_BGA":"Length of ribeye","ribeyelength_UG":"Length of ribeye","ribeyewidth_BGA":"Width of ribeye","ribeyewidth_UG":"Width of ribeye","sub_fat":"Amount of subcutaneous fat","yieldgrade_BGA":"Percentage of carcass that is saleable at retail","yieldgrade_UG":"Percentage of carcass that is saleable at retail"},"attribute_categories":[],"category_labels":{}}