{"capture_base":"EMMfWauTsYGgp5M-lnHQpQlCoJVZUAZcpzQZMs0BhSaE","digest":"EHdDiB3UhFNhHpxWA8M3oLT0nLGd1yJOMPLYP0Pg6bZU","type":"spec/overlays/unit/1.0","metric_system":"","attribute_units":{"animal_id":"","body_fat":"kg","bone_wt":"kg","date":"","decl_bull":"","decl_cow":"","decl_heifer":"","decl_steer":"","discrepancies":"","fat_color":"","fatclass_BGA":"","fatclass_UG":"","grade_fat":"mm","hotcarcass_wt":"kg","image_id":"","inter_fat":"kg","lean_color":"","lean_wt":"kg","leanyield_BGA":"%","leanyield_UG":"%","live_wt":"kg","liver_wt":"kg","marbling":"","muscleclass_BGA":"","muscleclass_UG":"","qualitygrade_BGA":"","qualitygrade_UG":"","rib_fat1":"mm","rib_fat2":"mm","rib_fat3":"mm","rib_wt":"kg","ribeyearea_sqin":"sq in.","ribeyearea_sqmm":"sq mm.","ribeyelength_BGA":"in","ribeyelength_UG":"in","ribeyewidth_BGA":"in","ribeyewidth_UG":"in","sub_fat":"kg","yieldgrade_BGA":"","yieldgrade_UG":""}}