{"type":"spec/capture_base/1.0","digest":"EMMfWauTsYGgp5M-lnHQpQlCoJVZUAZcpzQZMs0BhSaE","classification":"CRDC:RDF40","attributes":{"animal_id":"Text","body_fat":"Numeric","bone_wt":"Numeric","date":"Numeric","decl_bull":"Text","decl_cow":"Text","decl_heifer":"Text","decl_steer":"Text","discrepancies":"Text","fat_color":"Text","fatclass_BGA":"Numeric","fatclass_UG":"Numeric","grade_fat":"Numeric","hotcarcass_wt":"Numeric","image_id":"Text","inter_fat":"Numeric","lean_color":"Text","lean_wt":"Numeric","leanyield_BGA":"Numeric","leanyield_UG":"Numeric","live_wt":"Numeric","liver_wt":"Text","marbling":"Text","muscleclass_BGA":"Numeric","muscleclass_UG":"Numeric","qualitygrade_BGA":"Text","qualitygrade_UG":"Text","rib_fat1":"Numeric","rib_fat2":"Numeric","rib_fat3":"Numeric","rib_wt":"Numeric","ribeyearea_sqin":"Numeric","ribeyearea_sqmm":"Numeric","ribeyelength_BGA":"Numeric","ribeyelength_UG":"Numeric","ribeyewidth_BGA":"Numeric","ribeyewidth_UG":"Numeric","sub_fat":"Numeric","yieldgrade_BGA":"Text","yieldgrade_UG":"Text"},"flagged_attributes":[]}